,Name,Purpose
0,Anderson-Waters,Synergistic multi-tasking Local Area Network for drive compelling vortals
1,Little-Terry,Reverse-engineered 6thgeneration policy for strategize transparent users
2,Cooper Ltd,Triple-buffered logistical framework for incubate bleeding-edge models
3,"Blevins, Morris and Perez",Re-engineered content-based hub for re-contextualize robust content
4,Howell-Miller,Public-key asynchronous knowledgebase for seize mission-critical e-services
5,Smith-Vaughan,Adaptive bifurcated strategy for repurpose granular synergies
6,Small PLC,Visionary national workforce for seize magnetic relationships
7,"Brown, Carpenter and Davis",Cross-group zero-defect core for repurpose revolutionary initiatives
8,"Smith, Vasquez and White",Open-architected systematic hierarchy for generate real-time e-markets
9,Phillips and Sons,Inverse object-oriented website for benchmark one-to-one bandwidth
10,Esparza Inc,Cloned bottom-line support for target global web services
11,"Rivera, Lawrence and Reid",Horizontal secondary archive for drive e-business communities
12,"Ramirez, Martinez and Wade",Persistent multi-state project for redefine global metrics
13,Murphy-Thomas,Pre-emptive dynamic portal for embrace cross-media convergence
14,"Miller, Mcmahon and White",Synergized neutral instruction set for enable interactive eyeballs
15,Santos-Swanson,Persistent static ability for mesh leading-edge systems
16,Williams Ltd,Visionary scalable instruction set for morph open-source functionalities
17,Jackson-Taylor,Ergonomic local protocol for synthesize next-generation content
18,Gardner Inc,Cross-platform multi-state strategy for architect back-end platforms
19,Franklin PLC,Assimilated bottom-line strategy for enable dot-com convergence
20,Perez Group,Re-contextualized radical ability for reinvent compelling niches
21,Hill-Garcia,Networked cohesive flexibility for implement scalable partnerships
22,Reynolds PLC,Pre-emptive global initiative for embrace value-added e-business
23,"Bautista, Wong and Schneider",Triple-buffered optimal approach for synergize world-class schemas
24,"Reynolds, Reyes and Smith",Ameliorated value-added budgetary management for deliver 24/365 synergies
25,Livingston-Marshall,Function-based local leverage for facilitate virtual partnerships
26,Davis-Gutierrez,Mandatory well-modulated alliance for re-intermediate plug-and-play interfaces
27,Houston-Arellano,Synergized full-range info-mediaries for re-intermediate ubiquitous functionalities
28,Thompson Ltd,Multi-tiered cohesive implementation for embrace end-to-end e-services
29,Berg-Sawyer,Persevering heuristic workforce for envisioneer one-to-one e-business
30,Lester and Sons,Horizontal multi-tasking firmware for evolve one-to-one schemas
31,Harris and Sons,Integrated web-enabled info-mediaries for whiteboard efficient e-business
32,Adams and Sons,Inverse explicit matrices for integrate distributed convergence
33,Moore-Cobb,Visionary client-server strategy for re-intermediate value-added networks
34,"Sanchez, Reyes and Bishop",Distributed bifurcated data-warehouse for deploy 24/365 channels
35,"Davis, Rasmussen and Roth",Seamless 6thgeneration toolset for leverage virtual experiences
36,"Cervantes, Johnson and Love",Business-focused bi-directional support for implement leading-edge initiatives
37,Williams-Simmons,Decentralized tangible time-frame for incubate user-centric functionalities
38,"Obrien, Wilson and Freeman",Mandatory mobile core for synthesize out-of-the-box schemas
39,Cline PLC,Optimized coherent knowledge user for generate scalable eyeballs
40,Powell-Garcia,Open-source didactic array for aggregate best-of-breed infrastructures
41,Velazquez PLC,Front-line transitional service-desk for reinvent synergistic bandwidth
42,"Andrews, Taylor and Rodriguez",Reverse-engineered bandwidth-monitored hardware for enhance vertical e-services
43,Becker-White,Decentralized impactful installation for iterate compelling e-business
44,Gilbert Ltd,Optional user-facing focus group for strategize customized info-mediaries
45,"Kane, Carter and Miller",Pre-emptive didactic attitude for revolutionize world-class experiences
46,Lewis-Brown,Universal regional approach for integrate value-added e-tailers
47,Thompson Inc,Seamless responsive middleware for deliver enterprise web-readiness
48,Martin-Hamilton,Upgradable well-modulated hub for evolve ubiquitous bandwidth
49,Martinez-Barton,Down-sized optimizing open system for scale extensible platforms
